{
	"Version": 3,
	"Meta": {
		"Duration": 1.4,
		"Fps": 60.0,
		"Loop": true,
		"AreBeziersRestricted": true,
		"CurveCount": 9,
		"TotalSegmentCount": 538,
		"TotalPointCount": 547,
		"UserDataCount": 0,
		"TotalUserDataSize": 0
	},
	"Curves": [
		{
			"Target": "Parameter",
			"Id": "Wings_Motion",
			"Segments": [
				0,
				0,
				2,
				0.1,
				1,
				2,
				0.167,
				2,
				2,
				0.267,
				3,
				2,
				0.333,
				4,
				2,
				0.433,
				5,
				2,
				0.517,
				6,
				2,
				0.6,
				7,
				2,
				0.683,
				8,
				2,
				0.767,
				9,
				2,
				0.85,
				10,
				2,
				0.95,
				11,
				2,
				1.017,
				12,
				2,
				1.117,
				13,
				2,
				1.183,
				14,
				2,
				1.283,
				15,
				2,
				1.383,
				16,
				2,
				1.4,
				16
			]
		},
		{
			"Target": "Parameter",
			"Id": "Wings_Motion2",
			"Segments": [
				0,
				0,
				2,
				0.1,
				1,
				2,
				0.167,
				2,
				2,
				0.267,
				3,
				2,
				0.333,
				4,
				2,
				0.433,
				5,
				2,
				0.517,
				6,
				2,
				0.6,
				7,
				2,
				0.683,
				8,
				2,
				0.767,
				9,
				2,
				0.85,
				10,
				2,
				0.95,
				11,
				2,
				1.017,
				12,
				2,
				1.117,
				13,
				2,
				1.183,
				14,
				2,
				1.283,
				15,
				2,
				1.383,
				16,
				2,
				1.4,
				16
			]
		},
		{
			"Target": "Parameter",
			"Id": "Body_Levitate1",
			"Segments": [
				0,
				-1,
				2,
				0.017,
				-0.997,
				2,
				0.033,
				-0.987,
				2,
				0.05,
				-0.971,
				2,
				0.067,
				-0.949,
				2,
				0.083,
				-0.922,
				2,
				0.1,
				-0.889,
				2,
				0.117,
				-0.852,
				2,
				0.133,
				-0.81,
				2,
				0.15,
				-0.764,
				2,
				0.167,
				-0.713,
				2,
				0.183,
				-0.661,
				2,
				0.2,
				-0.604,
				2,
				0.217,
				-0.544,
				2,
				0.233,
				-0.481,
				2,
				0.25,
				-0.417,
				2,
				0.267,
				-0.351,
				2,
				0.283,
				-0.282,
				2,
				0.3,
				-0.212,
				2,
				0.317,
				-0.143,
				2,
				0.333,
				-0.072,
				2,
				0.35,
				0,
				2,
				0.367,
				0.072,
				2,
				0.383,
				0.143,
				2,
				0.4,
				0.212,
				2,
				0.417,
				0.282,
				2,
				0.433,
				0.351,
				2,
				0.45,
				0.417,
				2,
				0.467,
				0.481,
				2,
				0.483,
				0.544,
				2,
				0.5,
				0.604,
				2,
				0.517,
				0.661,
				2,
				0.533,
				0.713,
				2,
				0.55,
				0.764,
				2,
				0.567,
				0.81,
				2,
				0.583,
				0.852,
				2,
				0.6,
				0.889,
				2,
				0.617,
				0.922,
				2,
				0.633,
				0.949,
				2,
				0.65,
				0.971,
				2,
				0.667,
				0.987,
				2,
				0.683,
				0.997,
				2,
				0.7,
				1,
				2,
				0.717,
				0.997,
				2,
				0.733,
				0.987,
				2,
				0.75,
				0.971,
				2,
				0.767,
				0.949,
				2,
				0.783,
				0.922,
				2,
				0.8,
				0.889,
				2,
				0.817,
				0.852,
				2,
				0.833,
				0.81,
				2,
				0.85,
				0.764,
				2,
				0.867,
				0.713,
				2,
				0.883,
				0.661,
				2,
				0.9,
				0.604,
				2,
				0.917,
				0.544,
				2,
				0.933,
				0.481,
				2,
				0.95,
				0.417,
				2,
				0.967,
				0.351,
				2,
				0.983,
				0.282,
				2,
				1,
				0.212,
				2,
				1.017,
				0.143,
				2,
				1.033,
				0.072,
				2,
				1.05,
				0,
				2,
				1.067,
				-0.072,
				2,
				1.083,
				-0.143,
				2,
				1.1,
				-0.212,
				2,
				1.117,
				-0.282,
				2,
				1.133,
				-0.351,
				2,
				1.15,
				-0.417,
				2,
				1.167,
				-0.481,
				2,
				1.183,
				-0.544,
				2,
				1.2,
				-0.604,
				2,
				1.217,
				-0.661,
				2,
				1.233,
				-0.713,
				2,
				1.25,
				-0.764,
				2,
				1.267,
				-0.81,
				2,
				1.283,
				-0.852,
				2,
				1.3,
				-0.889,
				2,
				1.317,
				-0.922,
				2,
				1.333,
				-0.949,
				2,
				1.35,
				-0.971,
				2,
				1.367,
				-0.987,
				2,
				1.383,
				-0.997,
				2,
				1.4,
				-1
			]
		},
		{
			"Target": "Parameter",
			"Id": "Body_Levitate2",
			"Segments": [
				0,
				-1,
				2,
				0.017,
				-0.997,
				2,
				0.033,
				-0.989,
				2,
				0.05,
				-0.975,
				2,
				0.067,
				-0.955,
				2,
				0.083,
				-0.931,
				2,
				0.1,
				-0.903,
				2,
				0.117,
				-0.87,
				2,
				0.133,
				-0.833,
				2,
				0.15,
				-0.792,
				2,
				0.167,
				-0.748,
				2,
				0.183,
				-0.699,
				2,
				0.2,
				-0.649,
				2,
				0.217,
				-0.595,
				2,
				0.233,
				-0.54,
				2,
				0.25,
				-0.481,
				2,
				0.267,
				-0.422,
				2,
				0.283,
				-0.359,
				2,
				0.3,
				-0.296,
				2,
				0.317,
				-0.231,
				2,
				0.333,
				-0.166,
				2,
				0.35,
				-0.099,
				2,
				0.367,
				-0.034,
				2,
				0.383,
				0.034,
				2,
				0.4,
				0.099,
				2,
				0.417,
				0.166,
				2,
				0.433,
				0.231,
				2,
				0.45,
				0.296,
				2,
				0.467,
				0.359,
				2,
				0.483,
				0.422,
				2,
				0.5,
				0.481,
				2,
				0.517,
				0.54,
				2,
				0.533,
				0.595,
				2,
				0.55,
				0.649,
				2,
				0.567,
				0.699,
				2,
				0.583,
				0.748,
				2,
				0.6,
				0.792,
				2,
				0.617,
				0.833,
				2,
				0.633,
				0.87,
				2,
				0.65,
				0.903,
				2,
				0.667,
				0.931,
				2,
				0.683,
				0.955,
				2,
				0.7,
				0.975,
				2,
				0.717,
				0.989,
				2,
				0.733,
				0.997,
				2,
				0.75,
				1,
				2,
				0.767,
				0.996,
				2,
				0.783,
				0.986,
				2,
				0.8,
				0.968,
				2,
				0.817,
				0.944,
				2,
				0.833,
				0.914,
				2,
				0.85,
				0.879,
				2,
				0.867,
				0.838,
				2,
				0.883,
				0.792,
				2,
				0.9,
				0.742,
				2,
				0.917,
				0.688,
				2,
				0.933,
				0.63,
				2,
				0.95,
				0.568,
				2,
				0.967,
				0.503,
				2,
				0.983,
				0.436,
				2,
				1,
				0.367,
				2,
				1.017,
				0.296,
				2,
				1.033,
				0.224,
				2,
				1.05,
				0.149,
				2,
				1.067,
				0.075,
				2,
				1.083,
				0,
				2,
				1.1,
				-0.075,
				2,
				1.117,
				-0.149,
				2,
				1.133,
				-0.224,
				2,
				1.15,
				-0.296,
				2,
				1.167,
				-0.367,
				2,
				1.183,
				-0.436,
				2,
				1.2,
				-0.503,
				2,
				1.217,
				-0.568,
				2,
				1.233,
				-0.63,
				2,
				1.25,
				-0.688,
				2,
				1.267,
				-0.742,
				2,
				1.283,
				-0.792,
				2,
				1.3,
				-0.838,
				2,
				1.317,
				-0.879,
				2,
				1.333,
				-0.914,
				2,
				1.35,
				-0.944,
				2,
				1.367,
				-0.968,
				2,
				1.383,
				-0.986,
				2,
				1.4,
				-0.996
			]
		},
		{
			"Target": "Parameter",
			"Id": "Body_Levitate3",
			"Segments": [
				0,
				-1,
				2,
				0.017,
				-0.997,
				2,
				0.033,
				-0.989,
				2,
				0.05,
				-0.976,
				2,
				0.067,
				-0.959,
				2,
				0.083,
				-0.937,
				2,
				0.1,
				-0.911,
				2,
				0.117,
				-0.88,
				2,
				0.133,
				-0.846,
				2,
				0.15,
				-0.808,
				2,
				0.167,
				-0.767,
				2,
				0.183,
				-0.723,
				2,
				0.2,
				-0.675,
				2,
				0.217,
				-0.626,
				2,
				0.233,
				-0.573,
				2,
				0.25,
				-0.518,
				2,
				0.267,
				-0.463,
				2,
				0.283,
				-0.404,
				2,
				0.3,
				-0.345,
				2,
				0.317,
				-0.284,
				2,
				0.333,
				-0.222,
				2,
				0.35,
				-0.159,
				2,
				0.367,
				-0.095,
				2,
				0.383,
				-0.032,
				2,
				0.4,
				0.032,
				2,
				0.417,
				0.095,
				2,
				0.433,
				0.159,
				2,
				0.45,
				0.222,
				2,
				0.467,
				0.284,
				2,
				0.483,
				0.345,
				2,
				0.5,
				0.404,
				2,
				0.517,
				0.463,
				2,
				0.533,
				0.518,
				2,
				0.55,
				0.573,
				2,
				0.567,
				0.626,
				2,
				0.583,
				0.675,
				2,
				0.6,
				0.723,
				2,
				0.617,
				0.767,
				2,
				0.633,
				0.808,
				2,
				0.65,
				0.846,
				2,
				0.667,
				0.88,
				2,
				0.683,
				0.911,
				2,
				0.7,
				0.937,
				2,
				0.717,
				0.959,
				2,
				0.733,
				0.976,
				2,
				0.75,
				0.989,
				2,
				0.767,
				0.997,
				2,
				0.783,
				1,
				2,
				0.8,
				0.996,
				2,
				0.817,
				0.986,
				2,
				0.833,
				0.968,
				2,
				0.85,
				0.944,
				2,
				0.867,
				0.914,
				2,
				0.883,
				0.879,
				2,
				0.9,
				0.838,
				2,
				0.917,
				0.792,
				2,
				0.933,
				0.742,
				2,
				0.95,
				0.688,
				2,
				0.967,
				0.63,
				2,
				0.983,
				0.568,
				2,
				1,
				0.503,
				2,
				1.017,
				0.436,
				2,
				1.033,
				0.367,
				2,
				1.05,
				0.296,
				2,
				1.067,
				0.224,
				2,
				1.083,
				0.149,
				2,
				1.1,
				0.075,
				2,
				1.117,
				0,
				2,
				1.133,
				-0.075,
				2,
				1.15,
				-0.149,
				2,
				1.167,
				-0.224,
				2,
				1.183,
				-0.296,
				2,
				1.2,
				-0.367,
				2,
				1.217,
				-0.436,
				2,
				1.233,
				-0.503,
				2,
				1.25,
				-0.568,
				2,
				1.267,
				-0.63,
				2,
				1.283,
				-0.688,
				2,
				1.3,
				-0.742,
				2,
				1.317,
				-0.792,
				2,
				1.333,
				-0.838,
				2,
				1.35,
				-0.879,
				2,
				1.367,
				-0.914,
				2,
				1.383,
				-0.944,
				2,
				1.4,
				-0.968
			]
		},
		{
			"Target": "Parameter",
			"Id": "Butterfly_1",
			"Segments": [
				0,
				-1,
				2,
				0.017,
				-0.997,
				2,
				0.033,
				-0.989,
				2,
				0.05,
				-0.975,
				2,
				0.067,
				-0.957,
				2,
				0.083,
				-0.933,
				2,
				0.1,
				-0.906,
				2,
				0.117,
				-0.874,
				2,
				0.133,
				-0.839,
				2,
				0.15,
				-0.799,
				2,
				0.167,
				-0.756,
				2,
				0.183,
				-0.712,
				2,
				0.2,
				-0.663,
				2,
				0.217,
				-0.612,
				2,
				0.233,
				-0.559,
				2,
				0.25,
				-0.505,
				2,
				0.267,
				-0.448,
				2,
				0.283,
				-0.39,
				2,
				0.3,
				-0.331,
				2,
				0.317,
				-0.272,
				2,
				0.333,
				-0.211,
				2,
				0.35,
				-0.15,
				2,
				0.367,
				-0.089,
				2,
				0.383,
				-0.028,
				2,
				0.4,
				0.031,
				2,
				0.417,
				0.09,
				2,
				0.433,
				0.148,
				2,
				0.45,
				0.205,
				2,
				0.467,
				0.259,
				2,
				0.483,
				0.312,
				2,
				0.5,
				0.363,
				2,
				0.517,
				0.412,
				2,
				0.533,
				0.456,
				2,
				0.55,
				0.499,
				2,
				0.567,
				0.539,
				2,
				0.583,
				0.574,
				2,
				0.6,
				0.606,
				2,
				0.617,
				0.633,
				2,
				0.633,
				0.657,
				2,
				0.65,
				0.675,
				2,
				0.667,
				0.689,
				2,
				0.683,
				0.697,
				2,
				0.7,
				0.7,
				2,
				0.717,
				0.697,
				2,
				0.733,
				0.688,
				2,
				0.75,
				0.673,
				2,
				0.767,
				0.652,
				2,
				0.783,
				0.627,
				2,
				0.8,
				0.597,
				2,
				0.817,
				0.562,
				2,
				0.833,
				0.523,
				2,
				0.85,
				0.48,
				2,
				0.867,
				0.434,
				2,
				0.883,
				0.385,
				2,
				0.9,
				0.333,
				2,
				0.917,
				0.278,
				2,
				0.933,
				0.221,
				2,
				0.95,
				0.162,
				2,
				0.967,
				0.102,
				2,
				0.983,
				0.04,
				2,
				1,
				-0.023,
				2,
				1.017,
				-0.087,
				2,
				1.033,
				-0.15,
				2,
				1.05,
				-0.213,
				2,
				1.067,
				-0.277,
				2,
				1.083,
				-0.34,
				2,
				1.1,
				-0.402,
				2,
				1.117,
				-0.462,
				2,
				1.133,
				-0.521,
				2,
				1.15,
				-0.578,
				2,
				1.167,
				-0.633,
				2,
				1.183,
				-0.685,
				2,
				1.2,
				-0.734,
				2,
				1.217,
				-0.78,
				2,
				1.233,
				-0.823,
				2,
				1.25,
				-0.862,
				2,
				1.267,
				-0.897,
				2,
				1.283,
				-0.927,
				2,
				1.3,
				-0.952,
				2,
				1.317,
				-0.973,
				2,
				1.333,
				-0.988,
				2,
				1.35,
				-0.997,
				2,
				1.367,
				-1,
				2,
				1.4,
				-1
			]
		},
		{
			"Target": "Parameter",
			"Id": "Butterfly_2",
			"Segments": [
				0,
				-1,
				2,
				0.017,
				-0.997,
				2,
				0.033,
				-0.989,
				2,
				0.05,
				-0.975,
				2,
				0.067,
				-0.955,
				2,
				0.083,
				-0.931,
				2,
				0.1,
				-0.903,
				2,
				0.117,
				-0.87,
				2,
				0.133,
				-0.833,
				2,
				0.15,
				-0.792,
				2,
				0.167,
				-0.748,
				2,
				0.183,
				-0.699,
				2,
				0.2,
				-0.649,
				2,
				0.217,
				-0.595,
				2,
				0.233,
				-0.54,
				2,
				0.25,
				-0.481,
				2,
				0.267,
				-0.422,
				2,
				0.283,
				-0.359,
				2,
				0.3,
				-0.296,
				2,
				0.317,
				-0.231,
				2,
				0.333,
				-0.166,
				2,
				0.35,
				-0.099,
				2,
				0.367,
				-0.034,
				2,
				0.383,
				0.034,
				2,
				0.4,
				0.099,
				2,
				0.417,
				0.166,
				2,
				0.433,
				0.231,
				2,
				0.45,
				0.296,
				2,
				0.467,
				0.359,
				2,
				0.483,
				0.422,
				2,
				0.5,
				0.481,
				2,
				0.517,
				0.54,
				2,
				0.533,
				0.595,
				2,
				0.55,
				0.649,
				2,
				0.567,
				0.699,
				2,
				0.583,
				0.748,
				2,
				0.6,
				0.792,
				2,
				0.617,
				0.833,
				2,
				0.633,
				0.87,
				2,
				0.65,
				0.903,
				2,
				0.667,
				0.931,
				2,
				0.683,
				0.955,
				2,
				0.7,
				0.975,
				2,
				0.717,
				0.989,
				2,
				0.733,
				0.997,
				2,
				0.75,
				1,
				2,
				0.767,
				0.996,
				2,
				0.783,
				0.984,
				2,
				0.8,
				0.964,
				2,
				0.817,
				0.938,
				2,
				0.833,
				0.905,
				2,
				0.85,
				0.866,
				2,
				0.867,
				0.822,
				2,
				0.883,
				0.772,
				2,
				0.9,
				0.717,
				2,
				0.917,
				0.657,
				2,
				0.933,
				0.594,
				2,
				0.95,
				0.527,
				2,
				0.967,
				0.457,
				2,
				0.983,
				0.386,
				2,
				1,
				0.312,
				2,
				1.017,
				0.235,
				2,
				1.033,
				0.158,
				2,
				1.05,
				0.079,
				2,
				1.067,
				0,
				2,
				1.083,
				-0.079,
				2,
				1.1,
				-0.158,
				2,
				1.117,
				-0.235,
				2,
				1.133,
				-0.312,
				2,
				1.15,
				-0.386,
				2,
				1.167,
				-0.457,
				2,
				1.183,
				-0.527,
				2,
				1.2,
				-0.594,
				2,
				1.217,
				-0.657,
				2,
				1.233,
				-0.717,
				2,
				1.25,
				-0.772,
				2,
				1.267,
				-0.822,
				2,
				1.283,
				-0.866,
				2,
				1.3,
				-0.905,
				2,
				1.317,
				-0.938,
				2,
				1.333,
				-0.964,
				2,
				1.35,
				-0.984,
				2,
				1.367,
				-0.996,
				2,
				1.383,
				-1,
				2,
				1.4,
				-1
			]
		},
		{
			"Target": "Parameter",
			"Id": "Butterfly_3",
			"Segments": [
				0,
				-1,
				2,
				0.017,
				-0.997,
				2,
				0.033,
				-0.989,
				2,
				0.05,
				-0.976,
				2,
				0.067,
				-0.959,
				2,
				0.083,
				-0.937,
				2,
				0.1,
				-0.911,
				2,
				0.117,
				-0.88,
				2,
				0.133,
				-0.846,
				2,
				0.15,
				-0.808,
				2,
				0.167,
				-0.767,
				2,
				0.183,
				-0.723,
				2,
				0.2,
				-0.675,
				2,
				0.217,
				-0.626,
				2,
				0.233,
				-0.573,
				2,
				0.25,
				-0.518,
				2,
				0.267,
				-0.463,
				2,
				0.283,
				-0.404,
				2,
				0.3,
				-0.345,
				2,
				0.317,
				-0.284,
				2,
				0.333,
				-0.222,
				2,
				0.35,
				-0.159,
				2,
				0.367,
				-0.095,
				2,
				0.383,
				-0.032,
				2,
				0.4,
				0.032,
				2,
				0.417,
				0.095,
				2,
				0.433,
				0.159,
				2,
				0.45,
				0.222,
				2,
				0.467,
				0.284,
				2,
				0.483,
				0.345,
				2,
				0.5,
				0.404,
				2,
				0.517,
				0.463,
				2,
				0.533,
				0.518,
				2,
				0.55,
				0.573,
				2,
				0.567,
				0.626,
				2,
				0.583,
				0.675,
				2,
				0.6,
				0.723,
				2,
				0.617,
				0.767,
				2,
				0.633,
				0.808,
				2,
				0.65,
				0.846,
				2,
				0.667,
				0.88,
				2,
				0.683,
				0.911,
				2,
				0.7,
				0.937,
				2,
				0.717,
				0.959,
				2,
				0.733,
				0.976,
				2,
				0.75,
				0.989,
				2,
				0.767,
				0.997,
				2,
				0.783,
				1,
				2,
				0.8,
				0.996,
				2,
				0.817,
				0.983,
				2,
				0.833,
				0.963,
				2,
				0.85,
				0.935,
				2,
				0.867,
				0.9,
				2,
				0.883,
				0.859,
				2,
				0.9,
				0.812,
				2,
				0.917,
				0.76,
				2,
				0.933,
				0.703,
				2,
				0.95,
				0.64,
				2,
				0.967,
				0.575,
				2,
				0.983,
				0.506,
				2,
				1,
				0.432,
				2,
				1.017,
				0.358,
				2,
				1.033,
				0.281,
				2,
				1.05,
				0.201,
				2,
				1.067,
				0.121,
				2,
				1.083,
				0.041,
				2,
				1.1,
				-0.041,
				2,
				1.117,
				-0.121,
				2,
				1.133,
				-0.201,
				2,
				1.15,
				-0.281,
				2,
				1.167,
				-0.358,
				2,
				1.183,
				-0.432,
				2,
				1.2,
				-0.506,
				2,
				1.217,
				-0.575,
				2,
				1.233,
				-0.64,
				2,
				1.25,
				-0.703,
				2,
				1.267,
				-0.76,
				2,
				1.283,
				-0.812,
				2,
				1.3,
				-0.859,
				2,
				1.317,
				-0.9,
				2,
				1.333,
				-0.935,
				2,
				1.35,
				-0.963,
				2,
				1.367,
				-0.983,
				2,
				1.383,
				-0.996,
				2,
				1.4,
				-1
			]
		},
		{
			"Target": "Parameter",
			"Id": "____PHYSICS____2",
			"Segments": [
				0,
				-0.9,
				2,
				1.4,
				-0.9
			]
		}
	]
}