{
	"Version": 3,
	"Meta": {
		"PhysicsSettingCount": 23,
		"TotalInputCount": 37,
		"TotalOutputCount": 44,
		"VertexCount": 70,
		"Fps": 60,
		"EffectiveForces": {
			"Gravity": {
				"X": 0,
				"Y": -1
			},
			"Wind": {
				"X": 0,
				"Y": 0
			}
		},
		"PhysicsDictionary": [
			{
				"Id": "PhysicsSetting1",
				"Name": "Eye Bounce L"
			},
			{
				"Id": "PhysicsSetting2",
				"Name": "Eye Bounce R"
			},
			{
				"Id": "PhysicsSetting3",
				"Name": "Eye size L"
			},
			{
				"Id": "PhysicsSetting4",
				"Name": "Eye size R"
			},
			{
				"Id": "PhysicsSetting5",
				"Name": "Eye Shimmer L"
			},
			{
				"Id": "PhysicsSetting6",
				"Name": "Eye Shimmer R"
			},
			{
				"Id": "PhysicsSetting7",
				"Name": "Eye Dilate L"
			},
			{
				"Id": "PhysicsSetting8",
				"Name": "Eye Dilate R"
			},
			{
				"Id": "PhysicsSetting9",
				"Name": "Eye Flutter L"
			},
			{
				"Id": "PhysicsSetting10",
				"Name": "Eye Flutter R"
			},
			{
				"Id": "PhysicsSetting11",
				"Name": "Ear L Rotate"
			},
			{
				"Id": "PhysicsSetting12",
				"Name": "Ear R Rotate"
			},
			{
				"Id": "PhysicsSetting13",
				"Name": "Ear Physics L"
			},
			{
				"Id": "PhysicsSetting14",
				"Name": "Bangs Physics"
			},
			{
				"Id": "PhysicsSetting15",
				"Name": "Ear Physics R"
			},
			{
				"Id": "PhysicsSetting16",
				"Name": "Ear Turn L"
			},
			{
				"Id": "PhysicsSetting17",
				"Name": "Bangs Y"
			},
			{
				"Id": "PhysicsSetting18",
				"Name": "Body XAUG"
			},
			{
				"Id": "PhysicsSetting19",
				"Name": "Body Y AUG"
			},
			{
				"Id": "PhysicsSetting20",
				"Name": "Body Z AUG"
			},
			{
				"Id": "PhysicsSetting21",
				"Name": "Body X AUG"
			},
			{
				"Id": "PhysicsSetting22",
				"Name": "Head Y aug"
			},
			{
				"Id": "PhysicsSetting23",
				"Name": "Kirin tail"
			}
		]
	},
	"PhysicsSettings": [
		{
			"Id": "PhysicsSetting1",
			"Input": [
				{
					"Source": {
						"Target": "Parameter",
						"Id": "ParamEyeLOpen"
					},
					"Weight": 80,
					"Type": "X",
					"Reflect": true
				},
				{
					"Source": {
						"Target": "Parameter",
						"Id": "ParamBrowLForm"
					},
					"Weight": 10,
					"Type": "Angle",
					"Reflect": false
				}
			],
			"Output": [
				{
					"Destination": {
						"Target": "Parameter",
						"Id": "Bounce_L1"
					},
					"VertexIndex": 1,
					"Scale": 1,
					"Weight": 100,
					"Type": "Angle",
					"Reflect": false
				},
				{
					"Destination": {
						"Target": "Parameter",
						"Id": "Bounce_L2"
					},
					"VertexIndex": 2,
					"Scale": 1,
					"Weight": 100,
					"Type": "Angle",
					"Reflect": false
				}
			],
			"Vertices": [
				{
					"Position": {
						"X": 0,
						"Y": 0
					},
					"Mobility": 1,
					"Delay": 1,
					"Acceleration": 1,
					"Radius": 0
				},
				{
					"Position": {
						"X": 0,
						"Y": 10
					},
					"Mobility": 0.05,
					"Delay": 0.98,
					"Acceleration": 3,
					"Radius": 10
				},
				{
					"Position": {
						"X": 0,
						"Y": 16.8
					},
					"Mobility": 0.05,
					"Delay": 0.98,
					"Acceleration": 3,
					"Radius": 6.8
				}
			],
			"Normalization": {
				"Position": {
					"Minimum": -30,
					"Default": 0,
					"Maximum": 30
				},
				"Angle": {
					"Minimum": -90,
					"Default": 0,
					"Maximum": 90
				}
			}
		},
		{
			"Id": "PhysicsSetting2",
			"Input": [
				{
					"Source": {
						"Target": "Parameter",
						"Id": "ParamEyeROpen"
					},
					"Weight": 80,
					"Type": "X",
					"Reflect": true
				},
				{
					"Source": {
						"Target": "Parameter",
						"Id": "ParamBrowRForm"
					},
					"Weight": 10,
					"Type": "Angle",
					"Reflect": false
				}
			],
			"Output": [
				{
					"Destination": {
						"Target": "Parameter",
						"Id": "Bounce_R1"
					},
					"VertexIndex": 1,
					"Scale": 1,
					"Weight": 100,
					"Type": "Angle",
					"Reflect": false
				},
				{
					"Destination": {
						"Target": "Parameter",
						"Id": "Bounce_R2"
					},
					"VertexIndex": 2,
					"Scale": 1,
					"Weight": 100,
					"Type": "Angle",
					"Reflect": false
				}
			],
			"Vertices": [
				{
					"Position": {
						"X": 0,
						"Y": 0
					},
					"Mobility": 1,
					"Delay": 1,
					"Acceleration": 1,
					"Radius": 0
				},
				{
					"Position": {
						"X": 0,
						"Y": 10
					},
					"Mobility": 0.05,
					"Delay": 0.98,
					"Acceleration": 3,
					"Radius": 10
				},
				{
					"Position": {
						"X": 0,
						"Y": 16.8
					},
					"Mobility": 0.05,
					"Delay": 0.98,
					"Acceleration": 3,
					"Radius": 6.8
				}
			],
			"Normalization": {
				"Position": {
					"Minimum": -30,
					"Default": 0,
					"Maximum": 30
				},
				"Angle": {
					"Minimum": -90,
					"Default": 0,
					"Maximum": 90
				}
			}
		},
		{
			"Id": "PhysicsSetting3",
			"Input": [
				{
					"Source": {
						"Target": "Parameter",
						"Id": "ParamEyeLOpen"
					},
					"Weight": 20,
					"Type": "X",
					"Reflect": true
				}
			],
			"Output": [
				{
					"Destination": {
						"Target": "Parameter",
						"Id": "Size_L"
					},
					"VertexIndex": 1,
					"Scale": 1.2,
					"Weight": 100,
					"Type": "Angle",
					"Reflect": false
				}
			],
			"Vertices": [
				{
					"Position": {
						"X": 0,
						"Y": 0
					},
					"Mobility": 1,
					"Delay": 1,
					"Acceleration": 1,
					"Radius": 0
				},
				{
					"Position": {
						"X": 0,
						"Y": 10
					},
					"Mobility": 0.72,
					"Delay": 0.92,
					"Acceleration": 3.85,
					"Radius": 10
				}
			],
			"Normalization": {
				"Position": {
					"Minimum": -30,
					"Default": 0,
					"Maximum": 30
				},
				"Angle": {
					"Minimum": 0,
					"Default": 0,
					"Maximum": 90
				}
			}
		},
		{
			"Id": "PhysicsSetting4",
			"Input": [
				{
					"Source": {
						"Target": "Parameter",
						"Id": "ParamEyeROpen"
					},
					"Weight": 20,
					"Type": "X",
					"Reflect": true
				}
			],
			"Output": [
				{
					"Destination": {
						"Target": "Parameter",
						"Id": "Size_R"
					},
					"VertexIndex": 1,
					"Scale": 1.2,
					"Weight": 100,
					"Type": "Angle",
					"Reflect": false
				}
			],
			"Vertices": [
				{
					"Position": {
						"X": 0,
						"Y": 0
					},
					"Mobility": 1,
					"Delay": 1,
					"Acceleration": 1,
					"Radius": 0
				},
				{
					"Position": {
						"X": 0,
						"Y": 10
					},
					"Mobility": 0.72,
					"Delay": 0.92,
					"Acceleration": 3.85,
					"Radius": 10
				}
			],
			"Normalization": {
				"Position": {
					"Minimum": -30,
					"Default": 0,
					"Maximum": 30
				},
				"Angle": {
					"Minimum": 0,
					"Default": 0,
					"Maximum": 90
				}
			}
		},
		{
			"Id": "PhysicsSetting5",
			"Input": [
				{
					"Source": {
						"Target": "Parameter",
						"Id": "ParamEyeLOpen"
					},
					"Weight": 40,
					"Type": "X",
					"Reflect": false
				}
			],
			"Output": [
				{
					"Destination": {
						"Target": "Parameter",
						"Id": "Shimmer_L1"
					},
					"VertexIndex": 1,
					"Scale": 1,
					"Weight": 100,
					"Type": "Angle",
					"Reflect": false
				},
				{
					"Destination": {
						"Target": "Parameter",
						"Id": "Shimmer_L2"
					},
					"VertexIndex": 2,
					"Scale": 1,
					"Weight": 100,
					"Type": "Angle",
					"Reflect": false
				}
			],
			"Vertices": [
				{
					"Position": {
						"X": 0,
						"Y": 0
					},
					"Mobility": 1,
					"Delay": 1,
					"Acceleration": 1,
					"Radius": 0
				},
				{
					"Position": {
						"X": 0,
						"Y": 8
					},
					"Mobility": 0.85,
					"Delay": 1.13,
					"Acceleration": 1,
					"Radius": 8
				},
				{
					"Position": {
						"X": 0,
						"Y": 16
					},
					"Mobility": 0.85,
					"Delay": 1.2,
					"Acceleration": 1,
					"Radius": 8
				}
			],
			"Normalization": {
				"Position": {
					"Minimum": -10,
					"Default": 0,
					"Maximum": 10
				},
				"Angle": {
					"Minimum": -90,
					"Default": 0,
					"Maximum": 90
				}
			}
		},
		{
			"Id": "PhysicsSetting6",
			"Input": [
				{
					"Source": {
						"Target": "Parameter",
						"Id": "ParamEyeROpen"
					},
					"Weight": 40,
					"Type": "X",
					"Reflect": false
				}
			],
			"Output": [
				{
					"Destination": {
						"Target": "Parameter",
						"Id": "Shimmer_R1"
					},
					"VertexIndex": 1,
					"Scale": 1,
					"Weight": 100,
					"Type": "Angle",
					"Reflect": false
				},
				{
					"Destination": {
						"Target": "Parameter",
						"Id": "Shimmer_R2"
					},
					"VertexIndex": 2,
					"Scale": 1,
					"Weight": 100,
					"Type": "Angle",
					"Reflect": false
				}
			],
			"Vertices": [
				{
					"Position": {
						"X": 0,
						"Y": 0
					},
					"Mobility": 1,
					"Delay": 1,
					"Acceleration": 1,
					"Radius": 0
				},
				{
					"Position": {
						"X": 0,
						"Y": 8
					},
					"Mobility": 0.85,
					"Delay": 1.13,
					"Acceleration": 1,
					"Radius": 8
				},
				{
					"Position": {
						"X": 0,
						"Y": 16
					},
					"Mobility": 0.85,
					"Delay": 1.2,
					"Acceleration": 1,
					"Radius": 8
				}
			],
			"Normalization": {
				"Position": {
					"Minimum": -10,
					"Default": 0,
					"Maximum": 10
				},
				"Angle": {
					"Minimum": -90,
					"Default": 0,
					"Maximum": 90
				}
			}
		},
		{
			"Id": "PhysicsSetting7",
			"Input": [
				{
					"Source": {
						"Target": "Parameter",
						"Id": "ParamEyeLOpen"
					},
					"Weight": 45,
					"Type": "X",
					"Reflect": false
				}
			],
			"Output": [
				{
					"Destination": {
						"Target": "Parameter",
						"Id": "Wave_L1"
					},
					"VertexIndex": 1,
					"Scale": 1,
					"Weight": 100,
					"Type": "Angle",
					"Reflect": false
				},
				{
					"Destination": {
						"Target": "Parameter",
						"Id": "Wave_L2"
					},
					"VertexIndex": 2,
					"Scale": 1,
					"Weight": 100,
					"Type": "Angle",
					"Reflect": false
				}
			],
			"Vertices": [
				{
					"Position": {
						"X": 0,
						"Y": 0
					},
					"Mobility": 1,
					"Delay": 1,
					"Acceleration": 1,
					"Radius": 0
				},
				{
					"Position": {
						"X": 0,
						"Y": 5
					},
					"Mobility": 0.8,
					"Delay": 1.1,
					"Acceleration": 1,
					"Radius": 5
				},
				{
					"Position": {
						"X": 0,
						"Y": 10
					},
					"Mobility": 0.8,
					"Delay": 1.1,
					"Acceleration": 1,
					"Radius": 5
				}
			],
			"Normalization": {
				"Position": {
					"Minimum": -10,
					"Default": 0,
					"Maximum": 10
				},
				"Angle": {
					"Minimum": -40,
					"Default": 0,
					"Maximum": 40
				}
			}
		},
		{
			"Id": "PhysicsSetting8",
			"Input": [
				{
					"Source": {
						"Target": "Parameter",
						"Id": "ParamEyeROpen"
					},
					"Weight": 45,
					"Type": "X",
					"Reflect": false
				}
			],
			"Output": [
				{
					"Destination": {
						"Target": "Parameter",
						"Id": "Wave_R1"
					},
					"VertexIndex": 1,
					"Scale": 1,
					"Weight": 100,
					"Type": "Angle",
					"Reflect": false
				},
				{
					"Destination": {
						"Target": "Parameter",
						"Id": "Wave_R2"
					},
					"VertexIndex": 2,
					"Scale": 1,
					"Weight": 100,
					"Type": "Angle",
					"Reflect": false
				}
			],
			"Vertices": [
				{
					"Position": {
						"X": 0,
						"Y": 0
					},
					"Mobility": 1,
					"Delay": 1,
					"Acceleration": 1,
					"Radius": 0
				},
				{
					"Position": {
						"X": 0,
						"Y": 5
					},
					"Mobility": 0.8,
					"Delay": 1.1,
					"Acceleration": 1,
					"Radius": 5
				},
				{
					"Position": {
						"X": 0,
						"Y": 10
					},
					"Mobility": 0.8,
					"Delay": 1.1,
					"Acceleration": 1,
					"Radius": 5
				}
			],
			"Normalization": {
				"Position": {
					"Minimum": -10,
					"Default": 0,
					"Maximum": 10
				},
				"Angle": {
					"Minimum": -40,
					"Default": 0,
					"Maximum": 40
				}
			}
		},
		{
			"Id": "PhysicsSetting9",
			"Input": [
				{
					"Source": {
						"Target": "Parameter",
						"Id": "ParamEyeLOpen"
					},
					"Weight": 100,
					"Type": "X",
					"Reflect": false
				}
			],
			"Output": [
				{
					"Destination": {
						"Target": "Parameter",
						"Id": "Flutter_1_L"
					},
					"VertexIndex": 1,
					"Scale": 1,
					"Weight": 100,
					"Type": "Angle",
					"Reflect": false
				},
				{
					"Destination": {
						"Target": "Parameter",
						"Id": "Flutter_2_L"
					},
					"VertexIndex": 2,
					"Scale": 1,
					"Weight": 100,
					"Type": "Angle",
					"Reflect": false
				}
			],
			"Vertices": [
				{
					"Position": {
						"X": 0,
						"Y": 0
					},
					"Mobility": 1,
					"Delay": 1,
					"Acceleration": 1,
					"Radius": 0
				},
				{
					"Position": {
						"X": 0,
						"Y": 13
					},
					"Mobility": 0.44,
					"Delay": 0.94,
					"Acceleration": 4.61,
					"Radius": 13
				},
				{
					"Position": {
						"X": 0,
						"Y": 23
					},
					"Mobility": 0.44,
					"Delay": 0.94,
					"Acceleration": 4.61,
					"Radius": 10
				}
			],
			"Normalization": {
				"Position": {
					"Minimum": -30,
					"Default": 0,
					"Maximum": 30
				},
				"Angle": {
					"Minimum": -90,
					"Default": 0,
					"Maximum": 90
				}
			}
		},
		{
			"Id": "PhysicsSetting10",
			"Input": [
				{
					"Source": {
						"Target": "Parameter",
						"Id": "ParamEyeROpen"
					},
					"Weight": 100,
					"Type": "X",
					"Reflect": false
				}
			],
			"Output": [
				{
					"Destination": {
						"Target": "Parameter",
						"Id": "Flutter_1_R"
					},
					"VertexIndex": 1,
					"Scale": 1,
					"Weight": 100,
					"Type": "Angle",
					"Reflect": false
				},
				{
					"Destination": {
						"Target": "Parameter",
						"Id": "Flutter_2_R"
					},
					"VertexIndex": 2,
					"Scale": 1,
					"Weight": 100,
					"Type": "Angle",
					"Reflect": false
				}
			],
			"Vertices": [
				{
					"Position": {
						"X": 0,
						"Y": 0
					},
					"Mobility": 1,
					"Delay": 1,
					"Acceleration": 1,
					"Radius": 0
				},
				{
					"Position": {
						"X": 0,
						"Y": 13
					},
					"Mobility": 0.44,
					"Delay": 0.94,
					"Acceleration": 4.61,
					"Radius": 13
				},
				{
					"Position": {
						"X": 0,
						"Y": 23
					},
					"Mobility": 0.44,
					"Delay": 0.94,
					"Acceleration": 4.61,
					"Radius": 10
				}
			],
			"Normalization": {
				"Position": {
					"Minimum": -30,
					"Default": 0,
					"Maximum": 30
				},
				"Angle": {
					"Minimum": -90,
					"Default": 0,
					"Maximum": 90
				}
			}
		},
		{
			"Id": "PhysicsSetting11",
			"Input": [
				{
					"Source": {
						"Target": "Parameter",
						"Id": "ParamBrowLForm"
					},
					"Weight": 50,
					"Type": "Angle",
					"Reflect": true
				},
				{
					"Source": {
						"Target": "Parameter",
						"Id": "ParamMouthX"
					},
					"Weight": 50,
					"Type": "Angle",
					"Reflect": false
				}
			],
			"Output": [
				{
					"Destination": {
						"Target": "Parameter",
						"Id": "Ear_Rotate_L"
					},
					"VertexIndex": 1,
					"Scale": 11,
					"Weight": 100,
					"Type": "Angle",
					"Reflect": false
				}
			],
			"Vertices": [
				{
					"Position": {
						"X": 0,
						"Y": 0
					},
					"Mobility": 1,
					"Delay": 1,
					"Acceleration": 1,
					"Radius": 0
				},
				{
					"Position": {
						"X": 0,
						"Y": 10
					},
					"Mobility": 0.8,
					"Delay": 0.4,
					"Acceleration": 1.5,
					"Radius": 10
				}
			],
			"Normalization": {
				"Position": {
					"Minimum": -10,
					"Default": 0,
					"Maximum": 10
				},
				"Angle": {
					"Minimum": -10,
					"Default": 0,
					"Maximum": 10
				}
			}
		},
		{
			"Id": "PhysicsSetting12",
			"Input": [
				{
					"Source": {
						"Target": "Parameter",
						"Id": "ParamBrowLForm"
					},
					"Weight": 50,
					"Type": "Angle",
					"Reflect": true
				},
				{
					"Source": {
						"Target": "Parameter",
						"Id": "ParamMouthX"
					},
					"Weight": 50,
					"Type": "Angle",
					"Reflect": false
				}
			],
			"Output": [
				{
					"Destination": {
						"Target": "Parameter",
						"Id": "Ear_Rotate_R"
					},
					"VertexIndex": 1,
					"Scale": 9,
					"Weight": 100,
					"Type": "Angle",
					"Reflect": false
				}
			],
			"Vertices": [
				{
					"Position": {
						"X": 0,
						"Y": 0
					},
					"Mobility": 1,
					"Delay": 1,
					"Acceleration": 1,
					"Radius": 0
				},
				{
					"Position": {
						"X": 0,
						"Y": 10
					},
					"Mobility": 0.8,
					"Delay": 0.4,
					"Acceleration": 1.5,
					"Radius": 10
				}
			],
			"Normalization": {
				"Position": {
					"Minimum": -10,
					"Default": 0,
					"Maximum": 10
				},
				"Angle": {
					"Minimum": -10,
					"Default": 0,
					"Maximum": 10
				}
			}
		},
		{
			"Id": "PhysicsSetting13",
			"Input": [
				{
					"Source": {
						"Target": "Parameter",
						"Id": "ParamAngleX"
					},
					"Weight": 50,
					"Type": "X",
					"Reflect": false
				},
				{
					"Source": {
						"Target": "Parameter",
						"Id": "ParamAngleY"
					},
					"Weight": 50,
					"Type": "X",
					"Reflect": true
				},
				{
					"Source": {
						"Target": "Parameter",
						"Id": "ParamAngleZ"
					},
					"Weight": 30,
					"Type": "Angle",
					"Reflect": false
				},
				{
					"Source": {
						"Target": "Parameter",
						"Id": "Ear_Rotate_L"
					},
					"Weight": 30,
					"Type": "Angle",
					"Reflect": false
				}
			],
			"Output": [
				{
					"Destination": {
						"Target": "Parameter",
						"Id": "Ear_Phy_L1"
					},
					"VertexIndex": 1,
					"Scale": 1,
					"Weight": 100,
					"Type": "Angle",
					"Reflect": false
				},
				{
					"Destination": {
						"Target": "Parameter",
						"Id": "Ear_Phy_L2"
					},
					"VertexIndex": 2,
					"Scale": 1,
					"Weight": 100,
					"Type": "Angle",
					"Reflect": false
				},
				{
					"Destination": {
						"Target": "Parameter",
						"Id": "Ear_Phy_L3"
					},
					"VertexIndex": 3,
					"Scale": 1,
					"Weight": 100,
					"Type": "Angle",
					"Reflect": false
				}
			],
			"Vertices": [
				{
					"Position": {
						"X": 0,
						"Y": 0
					},
					"Mobility": 1,
					"Delay": 1,
					"Acceleration": 1,
					"Radius": 0
				},
				{
					"Position": {
						"X": 0,
						"Y": 7
					},
					"Mobility": 0.9,
					"Delay": 0.85,
					"Acceleration": 0.95,
					"Radius": 7
				},
				{
					"Position": {
						"X": 0,
						"Y": 14
					},
					"Mobility": 0.9,
					"Delay": 0.85,
					"Acceleration": 0.9,
					"Radius": 7
				},
				{
					"Position": {
						"X": 0,
						"Y": 21
					},
					"Mobility": 0.9,
					"Delay": 0.85,
					"Acceleration": 0.85,
					"Radius": 7
				}
			],
			"Normalization": {
				"Position": {
					"Minimum": -10,
					"Default": 0,
					"Maximum": 10
				},
				"Angle": {
					"Minimum": -60,
					"Default": 0,
					"Maximum": 60
				}
			}
		},
		{
			"Id": "PhysicsSetting14",
			"Input": [
				{
					"Source": {
						"Target": "Parameter",
						"Id": "ParamAngleX"
					},
					"Weight": 50,
					"Type": "X",
					"Reflect": false
				},
				{
					"Source": {
						"Target": "Parameter",
						"Id": "ParamAngleY"
					},
					"Weight": 50,
					"Type": "X",
					"Reflect": false
				},
				{
					"Source": {
						"Target": "Parameter",
						"Id": "ParamAngleZ"
					},
					"Weight": 30,
					"Type": "Angle",
					"Reflect": false
				}
			],
			"Output": [
				{
					"Destination": {
						"Target": "Parameter",
						"Id": "Bang_Phy1"
					},
					"VertexIndex": 1,
					"Scale": 1,
					"Weight": 100,
					"Type": "Angle",
					"Reflect": false
				},
				{
					"Destination": {
						"Target": "Parameter",
						"Id": "Bang_Phy2"
					},
					"VertexIndex": 2,
					"Scale": 1,
					"Weight": 100,
					"Type": "Angle",
					"Reflect": false
				},
				{
					"Destination": {
						"Target": "Parameter",
						"Id": "Bang_Phy3"
					},
					"VertexIndex": 3,
					"Scale": 1,
					"Weight": 100,
					"Type": "Angle",
					"Reflect": false
				}
			],
			"Vertices": [
				{
					"Position": {
						"X": 0,
						"Y": 0
					},
					"Mobility": 1,
					"Delay": 1,
					"Acceleration": 1,
					"Radius": 0
				},
				{
					"Position": {
						"X": 0,
						"Y": 7
					},
					"Mobility": 0.9,
					"Delay": 0.85,
					"Acceleration": 0.95,
					"Radius": 7
				},
				{
					"Position": {
						"X": 0,
						"Y": 14
					},
					"Mobility": 0.9,
					"Delay": 0.85,
					"Acceleration": 0.9,
					"Radius": 7
				},
				{
					"Position": {
						"X": 0,
						"Y": 21
					},
					"Mobility": 0.9,
					"Delay": 0.85,
					"Acceleration": 0.85,
					"Radius": 7
				}
			],
			"Normalization": {
				"Position": {
					"Minimum": -10,
					"Default": 0,
					"Maximum": 10
				},
				"Angle": {
					"Minimum": -10,
					"Default": 0,
					"Maximum": 10
				}
			}
		},
		{
			"Id": "PhysicsSetting15",
			"Input": [
				{
					"Source": {
						"Target": "Parameter",
						"Id": "ParamAngleX"
					},
					"Weight": 50,
					"Type": "X",
					"Reflect": false
				},
				{
					"Source": {
						"Target": "Parameter",
						"Id": "ParamAngleY"
					},
					"Weight": 50,
					"Type": "X",
					"Reflect": false
				},
				{
					"Source": {
						"Target": "Parameter",
						"Id": "ParamAngleZ"
					},
					"Weight": 30,
					"Type": "Angle",
					"Reflect": false
				},
				{
					"Source": {
						"Target": "Parameter",
						"Id": "Ear_Rotate_R"
					},
					"Weight": 30,
					"Type": "Angle",
					"Reflect": false
				}
			],
			"Output": [
				{
					"Destination": {
						"Target": "Parameter",
						"Id": "Ear_Phy_R1"
					},
					"VertexIndex": 1,
					"Scale": 1,
					"Weight": 100,
					"Type": "Angle",
					"Reflect": false
				},
				{
					"Destination": {
						"Target": "Parameter",
						"Id": "Ear_Phy_R2"
					},
					"VertexIndex": 2,
					"Scale": 1,
					"Weight": 100,
					"Type": "Angle",
					"Reflect": false
				},
				{
					"Destination": {
						"Target": "Parameter",
						"Id": "Ear_Phy_R3"
					},
					"VertexIndex": 3,
					"Scale": 1,
					"Weight": 100,
					"Type": "Angle",
					"Reflect": false
				}
			],
			"Vertices": [
				{
					"Position": {
						"X": 0,
						"Y": 0
					},
					"Mobility": 1,
					"Delay": 1,
					"Acceleration": 1,
					"Radius": 0
				},
				{
					"Position": {
						"X": 0,
						"Y": 7
					},
					"Mobility": 0.9,
					"Delay": 0.85,
					"Acceleration": 0.95,
					"Radius": 7
				},
				{
					"Position": {
						"X": 0,
						"Y": 14
					},
					"Mobility": 0.9,
					"Delay": 0.85,
					"Acceleration": 0.9,
					"Radius": 7
				},
				{
					"Position": {
						"X": 0,
						"Y": 21
					},
					"Mobility": 0.9,
					"Delay": 0.85,
					"Acceleration": 0.85,
					"Radius": 7
				}
			],
			"Normalization": {
				"Position": {
					"Minimum": -10,
					"Default": 0,
					"Maximum": 10
				},
				"Angle": {
					"Minimum": -60,
					"Default": 0,
					"Maximum": 60
				}
			}
		},
		{
			"Id": "PhysicsSetting16",
			"Input": [
				{
					"Source": {
						"Target": "Parameter",
						"Id": "ParamAngleX"
					},
					"Weight": 30,
					"Type": "Angle",
					"Reflect": false
				},
				{
					"Source": {
						"Target": "Parameter",
						"Id": "ParamAngleY"
					},
					"Weight": 20,
					"Type": "Angle",
					"Reflect": true
				},
				{
					"Source": {
						"Target": "Parameter",
						"Id": "Ear_Rotate_L"
					},
					"Weight": 30,
					"Type": "Angle",
					"Reflect": false
				}
			],
			"Output": [
				{
					"Destination": {
						"Target": "Parameter",
						"Id": "Ear_Turn_L"
					},
					"VertexIndex": 1,
					"Scale": 10,
					"Weight": 100,
					"Type": "Angle",
					"Reflect": false
				}
			],
			"Vertices": [
				{
					"Position": {
						"X": 0,
						"Y": 0
					},
					"Mobility": 1,
					"Delay": 1,
					"Acceleration": 1,
					"Radius": 0
				},
				{
					"Position": {
						"X": 0,
						"Y": 15
					},
					"Mobility": 0.94,
					"Delay": 1.1,
					"Acceleration": 1,
					"Radius": 15
				}
			],
			"Normalization": {
				"Position": {
					"Minimum": -10,
					"Default": 0,
					"Maximum": 10
				},
				"Angle": {
					"Minimum": -10,
					"Default": 0,
					"Maximum": 10
				}
			}
		},
		{
			"Id": "PhysicsSetting17",
			"Input": [
				{
					"Source": {
						"Target": "Parameter",
						"Id": "ParamAngleY"
					},
					"Weight": 100,
					"Type": "X",
					"Reflect": true
				}
			],
			"Output": [
				{
					"Destination": {
						"Target": "Parameter",
						"Id": "Bangs_Y"
					},
					"VertexIndex": 1,
					"Scale": 1,
					"Weight": 100,
					"Type": "Angle",
					"Reflect": false
				}
			],
			"Vertices": [
				{
					"Position": {
						"X": 0,
						"Y": 0
					},
					"Mobility": 1,
					"Delay": 1,
					"Acceleration": 1,
					"Radius": 10
				},
				{
					"Position": {
						"X": 0,
						"Y": 10
					},
					"Mobility": 0.92,
					"Delay": 0.7,
					"Acceleration": 0.8,
					"Radius": 10
				},
				{
					"Position": {
						"X": 0,
						"Y": 20
					},
					"Mobility": 0.92,
					"Delay": 0.7,
					"Acceleration": 0.8,
					"Radius": 10
				},
				{
					"Position": {
						"X": 0,
						"Y": 30
					},
					"Mobility": 0.92,
					"Delay": 0.7,
					"Acceleration": 0.8,
					"Radius": 10
				}
			],
			"Normalization": {
				"Position": {
					"Minimum": -10,
					"Default": 0,
					"Maximum": 10
				},
				"Angle": {
					"Minimum": -10,
					"Default": 0,
					"Maximum": 10
				}
			}
		},
		{
			"Id": "PhysicsSetting18",
			"Input": [
				{
					"Source": {
						"Target": "Parameter",
						"Id": "ParamBodyAngleX"
					},
					"Weight": 100,
					"Type": "Angle",
					"Reflect": false
				}
			],
			"Output": [
				{
					"Destination": {
						"Target": "Parameter",
						"Id": "ParamBodyXPhysics"
					},
					"VertexIndex": 1,
					"Scale": 11,
					"Weight": 100,
					"Type": "Angle",
					"Reflect": false
				},
				{
					"Destination": {
						"Target": "Parameter",
						"Id": "ParamBODYXBLND"
					},
					"VertexIndex": 1,
					"Scale": 11,
					"Weight": 100,
					"Type": "Angle",
					"Reflect": false
				}
			],
			"Vertices": [
				{
					"Position": {
						"X": 0,
						"Y": 0
					},
					"Mobility": 1,
					"Delay": 1,
					"Acceleration": 1,
					"Radius": 0
				},
				{
					"Position": {
						"X": 0,
						"Y": 11
					},
					"Mobility": 0.8,
					"Delay": 1,
					"Acceleration": 1,
					"Radius": 11
				}
			],
			"Normalization": {
				"Position": {
					"Minimum": -10,
					"Default": 0,
					"Maximum": 10
				},
				"Angle": {
					"Minimum": -40,
					"Default": 0,
					"Maximum": 40
				}
			}
		},
		{
			"Id": "PhysicsSetting19",
			"Input": [
				{
					"Source": {
						"Target": "Parameter",
						"Id": "ParamBodyAngleY"
					},
					"Weight": 100,
					"Type": "Angle",
					"Reflect": false
				}
			],
			"Output": [
				{
					"Destination": {
						"Target": "Parameter",
						"Id": "ParamBodyYPhysics"
					},
					"VertexIndex": 1,
					"Scale": 11,
					"Weight": 100,
					"Type": "Angle",
					"Reflect": false
				},
				{
					"Destination": {
						"Target": "Parameter",
						"Id": "ParamBODYYBLND"
					},
					"VertexIndex": 1,
					"Scale": 11,
					"Weight": 100,
					"Type": "Angle",
					"Reflect": false
				}
			],
			"Vertices": [
				{
					"Position": {
						"X": 0,
						"Y": 0
					},
					"Mobility": 1,
					"Delay": 1,
					"Acceleration": 1,
					"Radius": 0
				},
				{
					"Position": {
						"X": 0,
						"Y": 11
					},
					"Mobility": 0.82,
					"Delay": 1.2,
					"Acceleration": 1.2,
					"Radius": 11
				}
			],
			"Normalization": {
				"Position": {
					"Minimum": -10,
					"Default": 0,
					"Maximum": 10
				},
				"Angle": {
					"Minimum": -40,
					"Default": 0,
					"Maximum": 40
				}
			}
		},
		{
			"Id": "PhysicsSetting20",
			"Input": [
				{
					"Source": {
						"Target": "Parameter",
						"Id": "ParamBodyAngleZ"
					},
					"Weight": 100,
					"Type": "Angle",
					"Reflect": true
				}
			],
			"Output": [
				{
					"Destination": {
						"Target": "Parameter",
						"Id": "ParamBodyZPhysics"
					},
					"VertexIndex": 1,
					"Scale": 11,
					"Weight": 100,
					"Type": "Angle",
					"Reflect": false
				},
				{
					"Destination": {
						"Target": "Parameter",
						"Id": "ParamBODYZBLND"
					},
					"VertexIndex": 1,
					"Scale": 11,
					"Weight": 100,
					"Type": "Angle",
					"Reflect": false
				}
			],
			"Vertices": [
				{
					"Position": {
						"X": 0,
						"Y": 0
					},
					"Mobility": 1,
					"Delay": 1,
					"Acceleration": 1,
					"Radius": 0
				},
				{
					"Position": {
						"X": 0,
						"Y": 11
					},
					"Mobility": 0.8,
					"Delay": 1,
					"Acceleration": 1,
					"Radius": 11
				}
			],
			"Normalization": {
				"Position": {
					"Minimum": -10,
					"Default": 0,
					"Maximum": 10
				},
				"Angle": {
					"Minimum": -40,
					"Default": 0,
					"Maximum": 40
				}
			}
		},
		{
			"Id": "PhysicsSetting21",
			"Input": [
				{
					"Source": {
						"Target": "Parameter",
						"Id": "ParamAngleX"
					},
					"Weight": 100,
					"Type": "Angle",
					"Reflect": false
				}
			],
			"Output": [
				{
					"Destination": {
						"Target": "Parameter",
						"Id": "ParamAngleXAUG"
					},
					"VertexIndex": 1,
					"Scale": 31,
					"Weight": 100,
					"Type": "Angle",
					"Reflect": false
				}
			],
			"Vertices": [
				{
					"Position": {
						"X": 0,
						"Y": 0
					},
					"Mobility": 1,
					"Delay": 1,
					"Acceleration": 1,
					"Radius": 0
				},
				{
					"Position": {
						"X": 0,
						"Y": 10
					},
					"Mobility": 0.89,
					"Delay": 0.8,
					"Acceleration": 1.5,
					"Radius": 10
				}
			],
			"Normalization": {
				"Position": {
					"Minimum": -10,
					"Default": 0,
					"Maximum": 10
				},
				"Angle": {
					"Minimum": -40,
					"Default": 0,
					"Maximum": 40
				}
			}
		},
		{
			"Id": "PhysicsSetting22",
			"Input": [
				{
					"Source": {
						"Target": "Parameter",
						"Id": "ParamAngleY"
					},
					"Weight": 100,
					"Type": "Angle",
					"Reflect": false
				}
			],
			"Output": [
				{
					"Destination": {
						"Target": "Parameter",
						"Id": "ParamAngleYAUG"
					},
					"VertexIndex": 1,
					"Scale": 31,
					"Weight": 100,
					"Type": "Angle",
					"Reflect": false
				}
			],
			"Vertices": [
				{
					"Position": {
						"X": 0,
						"Y": 0
					},
					"Mobility": 1,
					"Delay": 1,
					"Acceleration": 1,
					"Radius": 0
				},
				{
					"Position": {
						"X": 0,
						"Y": 10
					},
					"Mobility": 0.89,
					"Delay": 0.8,
					"Acceleration": 1.5,
					"Radius": 10
				}
			],
			"Normalization": {
				"Position": {
					"Minimum": -10,
					"Default": 0,
					"Maximum": 10
				},
				"Angle": {
					"Minimum": -40,
					"Default": 0,
					"Maximum": 40
				}
			}
		},
		{
			"Id": "PhysicsSetting23",
			"Input": [
				{
					"Source": {
						"Target": "Parameter",
						"Id": "ParamBreath"
					},
					"Weight": 100,
					"Type": "Angle",
					"Reflect": false
				}
			],
			"Output": [
				{
					"Destination": {
						"Target": "Parameter",
						"Id": "Param"
					},
					"VertexIndex": 1,
					"Scale": 2.3,
					"Weight": 100,
					"Type": "Angle",
					"Reflect": false
				},
				{
					"Destination": {
						"Target": "Parameter",
						"Id": "Param2"
					},
					"VertexIndex": 2,
					"Scale": 2.3,
					"Weight": 100,
					"Type": "Angle",
					"Reflect": false
				},
				{
					"Destination": {
						"Target": "Parameter",
						"Id": "Param3"
					},
					"VertexIndex": 3,
					"Scale": 4,
					"Weight": 100,
					"Type": "Angle",
					"Reflect": false
				},
				{
					"Destination": {
						"Target": "Parameter",
						"Id": "Param4"
					},
					"VertexIndex": 4,
					"Scale": 9,
					"Weight": 100,
					"Type": "Angle",
					"Reflect": false
				},
				{
					"Destination": {
						"Target": "Parameter",
						"Id": "Param5"
					},
					"VertexIndex": 5,
					"Scale": 10,
					"Weight": 100,
					"Type": "Angle",
					"Reflect": false
				}
			],
			"Vertices": [
				{
					"Position": {
						"X": 0,
						"Y": 0
					},
					"Mobility": 1,
					"Delay": 1,
					"Acceleration": 1,
					"Radius": 0
				},
				{
					"Position": {
						"X": 0,
						"Y": 7
					},
					"Mobility": 0.5,
					"Delay": 1,
					"Acceleration": 1,
					"Radius": 7
				},
				{
					"Position": {
						"X": 0,
						"Y": 14
					},
					"Mobility": 0.5,
					"Delay": 1,
					"Acceleration": 1,
					"Radius": 7
				},
				{
					"Position": {
						"X": 0,
						"Y": 21
					},
					"Mobility": 0.5,
					"Delay": 1,
					"Acceleration": 1,
					"Radius": 7
				},
				{
					"Position": {
						"X": 0,
						"Y": 28
					},
					"Mobility": 0.5,
					"Delay": 1,
					"Acceleration": 1,
					"Radius": 7
				},
				{
					"Position": {
						"X": 0,
						"Y": 35
					},
					"Mobility": 0.5,
					"Delay": 1,
					"Acceleration": 1,
					"Radius": 7
				},
				{
					"Position": {
						"X": 0,
						"Y": 42
					},
					"Mobility": 0.5,
					"Delay": 1,
					"Acceleration": 1,
					"Radius": 7
				},
				{
					"Position": {
						"X": 0,
						"Y": 49
					},
					"Mobility": 0.5,
					"Delay": 1,
					"Acceleration": 1,
					"Radius": 7
				},
				{
					"Position": {
						"X": 0,
						"Y": 56
					},
					"Mobility": 0.5,
					"Delay": 1,
					"Acceleration": 1,
					"Radius": 7
				},
				{
					"Position": {
						"X": 0,
						"Y": 63
					},
					"Mobility": 0.5,
					"Delay": 1,
					"Acceleration": 1,
					"Radius": 7
				}
			],
			"Normalization": {
				"Position": {
					"Minimum": -10,
					"Default": 0,
					"Maximum": 10
				},
				"Angle": {
					"Minimum": -10,
					"Default": 0,
					"Maximum": 10
				}
			}
		}
	]
}