{
	"Version": 3,
	"Parameters": [
		{
			"Id": "___CUSTOM_OPTIONS____",
			"GroupId": "ParamGroup10",
			"Name": "___CUSTOM_OPTIONS____"
		},
		{
			"Id": "___HEAD____",
			"GroupId": "ParamGroup10",
			"Name": "___HEAD____"
		},
		{
			"Id": "Freckles",
			"GroupId": "ParamGroup10",
			"Name": "Freckles"
		},
		{
			"Id": "Head_Pattern_1",
			"GroupId": "ParamGroup10",
			"Name": "Head_Pattern_1"
		},
		{
			"Id": "Head_Pattern_2",
			"GroupId": "ParamGroup10",
			"Name": "Head_Pattern_2"
		},
		{
			"Id": "Head_Pattern_3",
			"GroupId": "ParamGroup10",
			"Name": "Head_Pattern_3"
		},
		{
			"Id": "Muzzle_Color1",
			"GroupId": "ParamGroup10",
			"Name": "Muzzle_Color1"
		},
		{
			"Id": "Muzzle_Color2",
			"GroupId": "ParamGroup10",
			"Name": "Muzzle_Color2"
		},
		{
			"Id": "Pony_OR_Deer_Nose",
			"GroupId": "ParamGroup10",
			"Name": "Pony_OR_Deer_Nose"
		},
		{
			"Id": "Pony_Ears",
			"GroupId": "ParamGroup10",
			"Name": "Pony_Ears"
		},
		{
			"Id": "Pony_Ears_Fluff_OFF",
			"GroupId": "ParamGroup10",
			"Name": "Pony_Ears_Fluff_OFF"
		},
		{
			"Id": "Pony_Ears_Color_OFF",
			"GroupId": "ParamGroup10",
			"Name": "Pony_Ears_Color_OFF"
		},
		{
			"Id": "Pony_Ears_Color_OFF2",
			"GroupId": "ParamGroup10",
			"Name": "Deer_Ears"
		},
		{
			"Id": "Unicorn_Horn1",
			"GroupId": "ParamGroup10",
			"Name": "Unicorn_Horn1"
		},
		{
			"Id": "Unicorn_Horn2",
			"GroupId": "ParamGroup10",
			"Name": "Unicorn_Horn2"
		},
		{
			"Id": "Mini_Antlers",
			"GroupId": "ParamGroup10",
			"Name": "Mini_Antlers"
		},
		{
			"Id": "Big_Antlers",
			"GroupId": "ParamGroup10",
			"Name": "Big_Antlers"
		},
		{
			"Id": "___HEAD____2",
			"GroupId": "ParamGroup10",
			"Name": "___HEAD____"
		},
		{
			"Id": "___EYES____",
			"GroupId": "ParamGroup10",
			"Name": "___EYES____"
		},
		{
			"Id": "EyeLid_1",
			"GroupId": "ParamGroup10",
			"Name": "EyeLid_1"
		},
		{
			"Id": "EyeLid_2",
			"GroupId": "ParamGroup10",
			"Name": "EyeLid_2"
		},
		{
			"Id": "LowerLid1",
			"GroupId": "ParamGroup10",
			"Name": "LowerLid1"
		},
		{
			"Id": "Lash_1",
			"GroupId": "ParamGroup10",
			"Name": "Lash_1"
		},
		{
			"Id": "Lash_2",
			"GroupId": "ParamGroup10",
			"Name": "Lash_2"
		},
		{
			"Id": "Lash_3",
			"GroupId": "ParamGroup10",
			"Name": "Lash_3"
		},
		{
			"Id": "Lash_4",
			"GroupId": "ParamGroup10",
			"Name": "Lash_4"
		},
		{
			"Id": "___EYES____2",
			"GroupId": "ParamGroup10",
			"Name": "___EYES____"
		},
		{
			"Id": "___HAIR____",
			"GroupId": "ParamGroup10",
			"Name": "___HAIR____"
		},
		{
			"Id": "Bangs_1",
			"GroupId": "ParamGroup10",
			"Name": "Bangs_1"
		},
		{
			"Id": "Bangs_2",
			"GroupId": "ParamGroup10",
			"Name": "Bangs_2"
		},
		{
			"Id": "Bangs_3",
			"GroupId": "ParamGroup10",
			"Name": "Bangs_3"
		},
		{
			"Id": "Bangs_4",
			"GroupId": "ParamGroup10",
			"Name": "Bangs_4"
		},
		{
			"Id": "Side_1",
			"GroupId": "ParamGroup10",
			"Name": "Side_1"
		},
		{
			"Id": "Side_2",
			"GroupId": "ParamGroup10",
			"Name": "Side_2"
		},
		{
			"Id": "Side_3",
			"GroupId": "ParamGroup10",
			"Name": "Side_3"
		},
		{
			"Id": "Side_4",
			"GroupId": "ParamGroup10",
			"Name": "Side_4"
		},
		{
			"Id": "Side_5",
			"GroupId": "ParamGroup10",
			"Name": "Side_5"
		},
		{
			"Id": "___HAIR____2",
			"GroupId": "ParamGroup10",
			"Name": "___HAIR____"
		},
		{
			"Id": "___BODY____",
			"GroupId": "ParamGroup10",
			"Name": "___BODY____"
		},
		{
			"Id": "Chest_Fluff",
			"GroupId": "ParamGroup10",
			"Name": "Chest_Fluff"
		},
		{
			"Id": "Body_Pattern_1",
			"GroupId": "ParamGroup10",
			"Name": "Body_Pattern_1"
		},
		{
			"Id": "Body_Pattern_1_Dots",
			"GroupId": "ParamGroup10",
			"Name": "Body_Pattern_1_Dots"
		},
		{
			"Id": "Body_Pattern_2",
			"GroupId": "ParamGroup10",
			"Name": "Body_Pattern_2"
		},
		{
			"Id": "Body_Pattern_3",
			"GroupId": "ParamGroup10",
			"Name": "Body_Pattern_3"
		},
		{
			"Id": "Body_Pattern_4",
			"GroupId": "ParamGroup10",
			"Name": "Body_Pattern_4"
		},
		{
			"Id": "Hard_Hooves",
			"GroupId": "ParamGroup10",
			"Name": "Hard_Hooves"
		},
		{
			"Id": "Crystal_Hooves",
			"GroupId": "ParamGroup10",
			"Name": "Crystal_Hooves"
		},
		{
			"Id": "Hooves_Fur_Front",
			"GroupId": "ParamGroup10",
			"Name": "Hooves_Fur_Front"
		},
		{
			"Id": "Hooves_Fur_Back",
			"GroupId": "ParamGroup10",
			"Name": "Hooves_Fur_Back"
		},
		{
			"Id": "Gradient_1",
			"GroupId": "ParamGroup10",
			"Name": "Gradient_1"
		},
		{
			"Id": "Gradient_2",
			"GroupId": "ParamGroup10",
			"Name": "Gradient_2"
		},
		{
			"Id": "Gradient_3",
			"GroupId": "ParamGroup10",
			"Name": "Gradient_3"
		},
		{
			"Id": "Gradient_4",
			"GroupId": "ParamGroup10",
			"Name": "Gradient_4"
		},
		{
			"Id": "___BODY____2",
			"GroupId": "ParamGroup10",
			"Name": "___BODY____"
		},
		{
			"Id": "___WINGS____",
			"GroupId": "ParamGroup10",
			"Name": "___WINGS____"
		},
		{
			"Id": "Pegasi_wings_Closed",
			"GroupId": "ParamGroup10",
			"Name": "Pegasi_wings_Closed"
		},
		{
			"Id": "Bat_wings_Closed",
			"GroupId": "ParamGroup10",
			"Name": "Bat_wings_Closed"
		},
		{
			"Id": "Wings_FLAP_ON",
			"GroupId": "ParamGroup10",
			"Name": "Wings_FLAP_ON"
		},
		{
			"Id": "Wings_Flap_Color2",
			"GroupId": "ParamGroup10",
			"Name": "Wings_Flap_Color2"
		},
		{
			"Id": "Butterly_Wings_ON",
			"GroupId": "ParamGroup10",
			"Name": "Butterly_Wings_ON"
		},
		{
			"Id": "Levitate_Toggle",
			"GroupId": "ParamGroup10",
			"Name": "Levitate_Toggle"
		},
		{
			"Id": "___WINGS____2",
			"GroupId": "ParamGroup10",
			"Name": "___WINGS____"
		},
		{
			"Id": "___TAIL____",
			"GroupId": "ParamGroup10",
			"Name": "___TAIL____"
		},
		{
			"Id": "Deer_Tail",
			"GroupId": "ParamGroup10",
			"Name": "Deer_Tail"
		},
		{
			"Id": "Kirin_Tail",
			"GroupId": "ParamGroup10",
			"Name": "Kirin_Tail"
		},
		{
			"Id": "Short_Tail",
			"GroupId": "ParamGroup10",
			"Name": "Short_Tail"
		},
		{
			"Id": "Long_Tail",
			"GroupId": "ParamGroup10",
			"Name": "Long_Tail"
		},
		{
			"Id": "Braid",
			"GroupId": "ParamGroup10",
			"Name": "Braid"
		},
		{
			"Id": "Crystals_Tail",
			"GroupId": "ParamGroup10",
			"Name": "Crystals_Tail"
		},
		{
			"Id": "___TAIL____2",
			"GroupId": "ParamGroup10",
			"Name": "___TAIL____"
		},
		{
			"Id": "____COLOR_SWATCHES___",
			"GroupId": "ParamGroup10",
			"Name": "____COLOR_SWATCHES___"
		},
		{
			"Id": "Base_Color",
			"GroupId": "ParamGroup10",
			"Name": "Base_Color"
		},
		{
			"Id": "Antlers_Color",
			"GroupId": "ParamGroup10",
			"Name": "Antlers_Color"
		},
		{
			"Id": "Second_Color",
			"GroupId": "ParamGroup10",
			"Name": "Second_Color"
		},
		{
			"Id": "Third_Color",
			"GroupId": "ParamGroup10",
			"Name": "Third_Color"
		},
		{
			"Id": "Iris_Color",
			"GroupId": "ParamGroup10",
			"Name": "Iris_Color"
		},
		{
			"Id": "Pupil_Color",
			"GroupId": "ParamGroup10",
			"Name": "Pupil_Color"
		},
		{
			"Id": "Deer_Nose_Color",
			"GroupId": "ParamGroup10",
			"Name": "Deer_Nose_Color"
		},
		{
			"Id": "Inner_Deer_Color",
			"GroupId": "ParamGroup10",
			"Name": "Inner_Deer_Ears_Color"
		},
		{
			"Id": "Pony_Ear_Color_Freckles",
			"GroupId": "ParamGroup10",
			"Name": "Pony_Ear_Color_Freckles"
		},
		{
			"Id": "Hair_Color",
			"GroupId": "ParamGroup10",
			"Name": "Hair_Color"
		},
		{
			"Id": "Hoof_Color",
			"GroupId": "ParamGroup10",
			"Name": "Hoof_Color"
		},
		{
			"Id": "Gradient_hooves",
			"GroupId": "ParamGroup10",
			"Name": "Gradient_hooves"
		},
		{
			"Id": "Wings_Color2",
			"GroupId": "ParamGroup10",
			"Name": "Wings_Color2"
		},
		{
			"Id": "Buterfly_Wings_Color",
			"GroupId": "ParamGroup10",
			"Name": "Buterfly_Wings_Color"
		},
		{
			"Id": "Crystal_Tail",
			"GroupId": "ParamGroup10",
			"Name": "Crystal_Tail"
		},
		{
			"Id": "____COLOR_SWATCHES___2",
			"GroupId": "ParamGroup10",
			"Name": "____COLOR_SWATCHES___"
		},
		{
			"Id": "___CUSTOM_OPTIONS____2",
			"GroupId": "ParamGroup10",
			"Name": "___CUSTOM_OPTIONS____"
		},
		{
			"Id": "___MOVING_PARAMETERS___",
			"GroupId": "",
			"Name": "___MOVING_PARAMETERS___"
		},
		{
			"Id": "ParamAngleX",
			"GroupId": "",
			"Name": "Angle X"
		},
		{
			"Id": "ParamAngleY",
			"GroupId": "",
			"Name": "Angle Y"
		},
		{
			"Id": "ParamAngleZ",
			"GroupId": "",
			"Name": "Angle Z"
		},
		{
			"Id": "ParamBodyAngleX",
			"GroupId": "",
			"Name": "Body X"
		},
		{
			"Id": "ParamBodyAngleY",
			"GroupId": "",
			"Name": "Body Y"
		},
		{
			"Id": "ParamBodyAngleZ",
			"GroupId": "",
			"Name": "Body Z"
		},
		{
			"Id": "ParamBreath",
			"GroupId": "",
			"Name": "Breath"
		},
		{
			"Id": "___MOVING_PARAMETERS___2",
			"GroupId": "",
			"Name": "___MOVING_PARAMETERS___"
		},
		{
			"Id": "ParamMouthForm",
			"GroupId": "ParamGroup",
			"Name": "Mouth Form"
		},
		{
			"Id": "ParamMouthOpenY",
			"GroupId": "ParamGroup",
			"Name": "Mouth Open"
		},
		{
			"Id": "ParamMouthX",
			"GroupId": "ParamGroup",
			"Name": "Mouth_X"
		},
		{
			"Id": "ParamEyeBallX",
			"GroupId": "ParamGroup2",
			"Name": "Eyeball X"
		},
		{
			"Id": "ParamEyeBallY",
			"GroupId": "ParamGroup2",
			"Name": "Eyeball Y"
		},
		{
			"Id": "ParamEyeLOpen",
			"GroupId": "ParamGroup2",
			"Name": "EyeL Open"
		},
		{
			"Id": "ParamEyeLSmile",
			"GroupId": "ParamGroup2",
			"Name": "EyeL Smile"
		},
		{
			"Id": "ParamEyeROpen",
			"GroupId": "ParamGroup2",
			"Name": "EyeR Open"
		},
		{
			"Id": "ParamEyeRSmile",
			"GroupId": "ParamGroup2",
			"Name": "EyeR Smile"
		},
		{
			"Id": "ParamBrowLX",
			"GroupId": "ParamGroup2",
			"Name": "BrowL X"
		},
		{
			"Id": "ParamBrowLY",
			"GroupId": "ParamGroup2",
			"Name": "BrowL Y"
		},
		{
			"Id": "ParamBrowLAngle",
			"GroupId": "ParamGroup2",
			"Name": "BrowL Angle"
		},
		{
			"Id": "ParamBrowLForm",
			"GroupId": "ParamGroup2",
			"Name": "BrowL Form"
		},
		{
			"Id": "ParamBrowRX",
			"GroupId": "ParamGroup2",
			"Name": "BrowR X"
		},
		{
			"Id": "ParamBrowRY",
			"GroupId": "ParamGroup2",
			"Name": "BrowR Y"
		},
		{
			"Id": "ParamBrowRAngle",
			"GroupId": "ParamGroup2",
			"Name": "BrowR Angle"
		},
		{
			"Id": "ParamBrowRForm",
			"GroupId": "ParamGroup2",
			"Name": "BrowR Form"
		},
		{
			"Id": "____PHYSICS____",
			"GroupId": "",
			"Name": "____PHYSICS____"
		},
		{
			"Id": "Flutter_1_L",
			"GroupId": "ParamGroup3",
			"Name": "Flutter_1_L"
		},
		{
			"Id": "Flutter_2_L",
			"GroupId": "ParamGroup3",
			"Name": "Flutter_2_L"
		},
		{
			"Id": "Shimmer_L1",
			"GroupId": "ParamGroup3",
			"Name": "Shimmer_L1"
		},
		{
			"Id": "Shimmer_L2",
			"GroupId": "ParamGroup3",
			"Name": "Shimmer_L2"
		},
		{
			"Id": "Bounce_L1",
			"GroupId": "ParamGroup3",
			"Name": "Bounce_L1"
		},
		{
			"Id": "Bounce_L2",
			"GroupId": "ParamGroup3",
			"Name": "Bounce_L2"
		},
		{
			"Id": "Wave_L1",
			"GroupId": "ParamGroup3",
			"Name": "Wave_L1"
		},
		{
			"Id": "Wave_L2",
			"GroupId": "ParamGroup3",
			"Name": "Wave_L2"
		},
		{
			"Id": "Size_L",
			"GroupId": "ParamGroup3",
			"Name": "Size_L"
		},
		{
			"Id": "Flutter_1_R",
			"GroupId": "ParamGroup3",
			"Name": "Flutter_1_R"
		},
		{
			"Id": "Flutter_2_R",
			"GroupId": "ParamGroup3",
			"Name": "Flutter_2_R"
		},
		{
			"Id": "Shimmer_R1",
			"GroupId": "ParamGroup3",
			"Name": "Shimmer_R1"
		},
		{
			"Id": "Shimmer_R2",
			"GroupId": "ParamGroup3",
			"Name": "Shimmer_R2"
		},
		{
			"Id": "Bounce_R1",
			"GroupId": "ParamGroup3",
			"Name": "Bounce_R1"
		},
		{
			"Id": "Bounce_R2",
			"GroupId": "ParamGroup3",
			"Name": "Bounce_R2"
		},
		{
			"Id": "Wave_R1",
			"GroupId": "ParamGroup3",
			"Name": "Wave_R1"
		},
		{
			"Id": "Wave_R2",
			"GroupId": "ParamGroup3",
			"Name": "Wave_R2"
		},
		{
			"Id": "Size_R",
			"GroupId": "ParamGroup3",
			"Name": "Size_R"
		},
		{
			"Id": "Ear_Turn_L",
			"GroupId": "ParamGroup4",
			"Name": "Ear_Turn_L"
		},
		{
			"Id": "Ear_Rotate_L",
			"GroupId": "ParamGroup4",
			"Name": "Ear_Rotate_L"
		},
		{
			"Id": "Ear_Phy_L1",
			"GroupId": "ParamGroup4",
			"Name": "Ear_Phy_L1"
		},
		{
			"Id": "Ear_Phy_L2",
			"GroupId": "ParamGroup4",
			"Name": "Ear_Phy_L2"
		},
		{
			"Id": "Ear_Phy_L3",
			"GroupId": "ParamGroup4",
			"Name": "Ear_Phy_L3"
		},
		{
			"Id": "Ear_Rotate_R",
			"GroupId": "ParamGroup4",
			"Name": "Ear_Rotate_R"
		},
		{
			"Id": "Ear_Phy_R1",
			"GroupId": "ParamGroup4",
			"Name": "Ear_Phy_R1"
		},
		{
			"Id": "Ear_Phy_R2",
			"GroupId": "ParamGroup4",
			"Name": "Ear_Phy_R2"
		},
		{
			"Id": "Ear_Phy_R3",
			"GroupId": "ParamGroup4",
			"Name": "Ear_Phy_R3"
		},
		{
			"Id": "Bang_Phy1",
			"GroupId": "ParamGroup5",
			"Name": "Bang_Phy1"
		},
		{
			"Id": "Bang_Phy2",
			"GroupId": "ParamGroup5",
			"Name": "Bang_Phy2"
		},
		{
			"Id": "Bang_Phy3",
			"GroupId": "ParamGroup5",
			"Name": "Bang_Phy3"
		},
		{
			"Id": "Bangs_Y",
			"GroupId": "ParamGroup5",
			"Name": "Bangs_Y"
		},
		{
			"Id": "ParamAngleXAUG",
			"GroupId": "ParamGroup6",
			"Name": "Angle X AUG"
		},
		{
			"Id": "ParamAngleYAUG",
			"GroupId": "ParamGroup6",
			"Name": "Angle Y AUG"
		},
		{
			"Id": "ParamAngleZAUG",
			"GroupId": "ParamGroup6",
			"Name": "Angle Z AUG"
		},
		{
			"Id": "ParamBodyXPhysics",
			"GroupId": "ParamGroup7",
			"Name": "Body X Physics"
		},
		{
			"Id": "ParamBodyYPhysics",
			"GroupId": "ParamGroup7",
			"Name": "Body Y Physics"
		},
		{
			"Id": "ParamBodyZPhysics",
			"GroupId": "ParamGroup7",
			"Name": "Body Z Physics"
		},
		{
			"Id": "ParamBODYXBLND",
			"GroupId": "ParamGroup7",
			"Name": "ParamBODYXBLND"
		},
		{
			"Id": "ParamBODYYBLND",
			"GroupId": "ParamGroup7",
			"Name": "ParamBODYYBLND"
		},
		{
			"Id": "ParamBODYZBLND",
			"GroupId": "ParamGroup7",
			"Name": "ParamBODYZBLND"
		},
		{
			"Id": "Param",
			"GroupId": "ParamGroup8",
			"Name": "Tail_Rotate1"
		},
		{
			"Id": "Param2",
			"GroupId": "ParamGroup8",
			"Name": "Tail_Rotate2"
		},
		{
			"Id": "Param3",
			"GroupId": "ParamGroup8",
			"Name": "Tail_Rotate3"
		},
		{
			"Id": "Param4",
			"GroupId": "ParamGroup8",
			"Name": "Tail_Rotate4"
		},
		{
			"Id": "Param5",
			"GroupId": "ParamGroup8",
			"Name": "Tail_Rotate5"
		},
		{
			"Id": "Wings_Motion",
			"GroupId": "ParamGroup9",
			"Name": "Wings_Motion"
		},
		{
			"Id": "Wings_Motion2",
			"GroupId": "ParamGroup9",
			"Name": "Wings_Motion2"
		},
		{
			"Id": "Body_Levitate1",
			"GroupId": "ParamGroup9",
			"Name": "Body Levitate1"
		},
		{
			"Id": "Body_Levitate2",
			"GroupId": "ParamGroup9",
			"Name": "Body Levitate2"
		},
		{
			"Id": "Body_Levitate3",
			"GroupId": "ParamGroup9",
			"Name": "Body Levitate3"
		},
		{
			"Id": "Butterfly_1",
			"GroupId": "ParamGroup9",
			"Name": "Butterfly_1"
		},
		{
			"Id": "Butterfly_2",
			"GroupId": "ParamGroup9",
			"Name": "Butterfly_2"
		},
		{
			"Id": "Butterfly_3",
			"GroupId": "ParamGroup9",
			"Name": "Butterfly_3"
		},
		{
			"Id": "____PHYSICS____2",
			"GroupId": "",
			"Name": "____PHYSICS____"
		}
	],
	"ParameterGroups": [
		{
			"Id": "ParamGroup10",
			"GroupId": "",
			"Name": "Toggles"
		},
		{
			"Id": "ParamGroup",
			"GroupId": "",
			"Name": "Mouth"
		},
		{
			"Id": "ParamGroup2",
			"GroupId": "",
			"Name": "Eyes"
		},
		{
			"Id": "ParamGroup3",
			"GroupId": "",
			"Name": "Eye Physics"
		},
		{
			"Id": "ParamGroup4",
			"GroupId": "",
			"Name": "Ear Physics"
		},
		{
			"Id": "ParamGroup5",
			"GroupId": "",
			"Name": "Bangs Physics"
		},
		{
			"Id": "ParamGroup6",
			"GroupId": "",
			"Name": "Head"
		},
		{
			"Id": "ParamGroup7",
			"GroupId": "",
			"Name": "Body"
		},
		{
			"Id": "ParamGroup8",
			"GroupId": "",
			"Name": "Tails"
		},
		{
			"Id": "ParamGroup9",
			"GroupId": "",
			"Name": "WINGS MOTION"
		}
	],
	"Parts": [
		{
			"Id": "Part2",
			"Name": "side 1"
		},
		{
			"Id": "Part3",
			"Name": "ears front"
		},
		{
			"Id": "sides",
			"Name": "sides"
		},
		{
			"Id": "Part6",
			"Name": "bangs front"
		},
		{
			"Id": "Part8",
			"Name": "horns front"
		},
		{
			"Id": "Part11",
			"Name": "bangs mid"
		},
		{
			"Id": "head",
			"Name": "head"
		},
		{
			"Id": "Part18",
			"Name": "ears back"
		},
		{
			"Id": "Part19",
			"Name": "horns back"
		},
		{
			"Id": "Part22",
			"Name": "front wings"
		},
		{
			"Id": "wings",
			"Name": "wings"
		},
		{
			"Id": "Part24",
			"Name": "pata 4"
		},
		{
			"Id": "pata2",
			"Name": "pata2"
		},
		{
			"Id": "chestfluff",
			"Name": "chestfluff"
		},
		{
			"Id": "body",
			"Name": "body"
		},
		{
			"Id": "Part25",
			"Name": "pata 1"
		},
		{
			"Id": "Part26",
			"Name": "pata 3"
		},
		{
			"Id": "Part27",
			"Name": "bangs back"
		},
		{
			"Id": "Part29",
			"Name": "wings back"
		},
		{
			"Id": "tails",
			"Name": "tails"
		},
		{
			"Id": "PartSketch",
			"Name": "[ Guide Image]"
		},
		{
			"Id": "deer",
			"Name": "deer"
		},
		{
			"Id": "pony",
			"Name": "pony"
		},
		{
			"Id": "side5",
			"Name": "side5"
		},
		{
			"Id": "side4",
			"Name": "side4"
		},
		{
			"Id": "side3",
			"Name": "side3"
		},
		{
			"Id": "side2",
			"Name": "side2"
		},
		{
			"Id": "Part7",
			"Name": "bangs 4"
		},
		{
			"Id": "bangs2",
			"Name": "bangs2"
		},
		{
			"Id": "horn2",
			"Name": "horn2"
		},
		{
			"Id": "unicorn",
			"Name": "unicorn"
		},
		{
			"Id": "Part9",
			"Name": "mini antler"
		},
		{
			"Id": "Part10",
			"Name": "big antler"
		},
		{
			"Id": "Part12",
			"Name": "bangs 4"
		},
		{
			"Id": "bangs3",
			"Name": "bangs3"
		},
		{
			"Id": "bangs4",
			"Name": "bangs2"
		},
		{
			"Id": "bangs1",
			"Name": "bangs1"
		},
		{
			"Id": "muzzle",
			"Name": "muzzle"
		},
		{
			"Id": "Part14",
			"Name": "brow r"
		},
		{
			"Id": "Part15",
			"Name": "eye r"
		},
		{
			"Id": "Part16",
			"Name": "brow L"
		},
		{
			"Id": "Part17",
			"Name": "eye L"
		},
		{
			"Id": "headbase",
			"Name": "headbase"
		},
		{
			"Id": "deerback",
			"Name": "deerback"
		},
		{
			"Id": "Part",
			"Name": "Pony"
		},
		{
			"Id": "Part20",
			"Name": "mini antler"
		},
		{
			"Id": "Part21",
			"Name": "big antler"
		},
		{
			"Id": "Part23",
			"Name": "wing closed"
		},
		{
			"Id": "bat",
			"Name": "bat"
		},
		{
			"Id": "butterfly",
			"Name": "butterfly"
		},
		{
			"Id": "Part28",
			"Name": "bangs 4"
		},
		{
			"Id": "bangs5",
			"Name": "bangs3"
		},
		{
			"Id": "bangs6",
			"Name": "bangs2"
		},
		{
			"Id": "Part30",
			"Name": "wings back"
		},
		{
			"Id": "Part31",
			"Name": "bat back"
		},
		{
			"Id": "crystals",
			"Name": "crystals"
		},
		{
			"Id": "braid",
			"Name": "braid"
		},
		{
			"Id": "long",
			"Name": "long"
		},
		{
			"Id": "short",
			"Name": "short"
		},
		{
			"Id": "kirin",
			"Name": "kirin"
		},
		{
			"Id": "deer2",
			"Name": "deer"
		}
	],
	"CombinedParameters": [
		[
			"ParamAngleXAUG",
			"ParamAngleYAUG"
		],
		[
			"ParamBodyXPhysics",
			"ParamBodyYPhysics"
		]
	]
}